chinese,pinyin,pali,sanskrit,context,category,notes,source,trans_known,added_by
開示,,,,,,,S01,giving discourses,pai8788@gmail.com
《子必依論》,,,,,,,S01,Dharma That Every Buddhist Must Follow,pai8788@gmail.com
法王,,,,,,,S01,Dharma King,pai8788@gmail.com
格西,,,,,,,S01,Geshe,pai8788@gmail.com
大善根者,,,,,,,S01,deep roots of goodness,pai8788@gmail.com
迴光返照；反省,,,,,,,S01,look within oneself; introspect; reflect upon oneself,pai8788@gmail.com
魔的使者,,,,,,,S01,servants of Mara,pai8788@gmail.com
因果,,,,,,,S01,cause and effect; the principle of cause and effect,pai8788@gmail.com
教化,,,,,,,S01,teach; teachings/education/edification;,pai8788@gmail.com
殊勝緣起,,,,,,,S01,special circumstances,pai8788@gmail.com
密法,,,,,,,S01,tantra,pai8788@gmail.com
戒律,,,,,,,S01,rules p62; precepts; discipline,pai8788@gmail.com
（產生/得到)受用,,,,,,,S01,be of use p62; beneficial; of benefit; of usefulness; produce/result in/bring about/generate/experience/receive benefits/beneficial effects/results,pai8788@gmail.com
沒有受用；無益,,,,,,,S01,be of no use; produce no real benefits/results; of no benefit; useless; ineffective,pai8788@gmail.com
參悟,,,,,,,S01,study? p62;,pai8788@gmail.com
修行,,,,,,,S01,cultivation,pai8788@gmail.com
修行人,,,,,,,S01,cultivator; practitioner,pai8788@gmail.com
無始劫以來,,,,,,,S01,throughout countlss eons; from beginningless time; (of the infinite past無始以來）,pai8788@gmail.com
因緣成熟,,,,,,,S01,the ripening of the conditions; the conditions for retribution are ripe; the maturing of certain causes and conditions,pai8788@gmail.com
九住,,,,,,,S01,the ninth stage of meditation,pai8788@gmail.com
法寶,,,,,,,S01,Dharma treasures,pai8788@gmail.com
大事因緣,,,,,,,S01,the condition of a significant event,pai8788@gmail.com
無上大法,,,,,,,S01,the supreme Great Dharma,pai8788@gmail.com
魔,,,,,,,S01,demon,pai8788@gmail.com
仰諤益西諾布大法王,,,,,,,S01,Great Dhama King Yangwo Yisinubu,pai8788@gmail.com
《解脫大手印》,,,,,,,S01,The Mahamudra of Liberation,pai8788@gmail.com
法身境,,,,,,,S01,the Dharma body state,pai8788@gmail.com
大圓滿,,,,,,,S01,the Great Perfection,pai8788@gmail.com
成就解脫；解脫成就,,,,,,,S01,obtain/attain accomplishment and liberation,pai8788@gmail.com
佛弟子；佛門弟子,,,,,,,S01,Buddhist disciples; disciples,pai8788@gmail.com
依止,,,,,,,S01,rely on,pai8788@gmail.com
佛法,,,,,,,S01,Buddha Dharma,pai8788@gmail.com
菩提道果,,,,,,,S01,,pai8788@gmail.com
菩提道上,,,,,,,S01,walking on the Bodhisattva path,pai8788@gmail.com
了生脫死；了脫生死；解脫生死；生死解脫；生死自由,,,,,,,S01,attain liberation from the cycle of birth and death; liberate/extricate/free oneself from the cycle of birth and death; end the cycle of....; be liberated from....; attain control over one's own life and death,pai8788@gmail.com
成就,,,,,,,S01,be/become/get accomplished; attain accomplishment,pai8788@gmail.com
甚深佛法,,,,,,,S01,deep; deep and profound Buddha Dharma,pai8788@gmail.com
《瑜伽根本法》,,,,,,,S01,Essential Yoga Dharma,pai8788@gmail.com
萬法之母,,,,,,,S01,the mother of all Dharmas,pai8788@gmail.com
萬法之母之母,,,,,,,S01,the mother of the mother all Dharmas,pai8788@gmail.com
依怙,,,,,,,S01,rely on; to fall back upon,pai8788@gmail.com
登彼岸；到達彼岸,,,,,,,S01,reach/arrive at the other shore; attain/accomplish/achievce/obtain nirvana,pai8788@gmail.com
（未來）獅子吼佛,,,,,,,S01,the (future) Lion's Roar Buddha,pai8788@gmail.com
教戒,,,,,,,S01,teachings and precepts,pai8788@gmail.com
虔誠；真誠,,,,,,,S01,devout/pious/sincere; devoutness/piety/sincerity;,pai8788@gmail.com
多生累劫,,,,,,,S01,previous lives stretching over eons of time; throughout/over many lives and eons; from many previous lives,pai8788@gmail.com
深厚善根；善根深厚,,,,,,,S01,have deep roots of goodness,pai8788@gmail.com
高僧大德；大德,,,,,,,S01,great virtuous ones and eminent monks; the Great Virtuous Ones,pai8788@gmail.com
加持；無量加持,,,,,,,S01,empower; bless; receive empowerment; limitless/unlimited empowerment,pai8788@gmail.com
灌頂,,,,,,,S01,receive initiation; being initiated; conduct/perform initiations,pai8788@gmail.com
（真正）金剛上師,,,,,,,S01,(true) Vajra Master,pai8788@gmail.com
身口意三業,,,,,,,S01,"three karmas of body (conduct/actions), speech (words), and mind (thoiughts)",pai8788@gmail.com
三業相應,,,,,,,S01,three karmas correspond with the teachings of (Vajra Master/Buddha),pai8788@gmail.com
(增益/增加/得)福報,,,,,,,S01,(increase/attain) good fortune/blessings,pai8788@gmail.com
功德,,,,,,,S01,merit,pai8788@gmail.com
壇場,,,,,,,S01,altar; at the Buddhist altar,pai8788@gmail.com
正知正見,,,,,,,S01,correct view and understanding,pai8788@gmail.com
頂禮膜拜,,,,,,,S01,bow with palms joined; prostrate and worship; prostrate oneself in worship,pai8788@gmail.com
戒條戒規,,,,,,,S01,precepts and rules,pai8788@gmail.com
頓悟法門,,,,,,,S01,a sudden awareness of the Dharma; sudden awareness; quickly awaken,pai8788@gmail.com
（誓）守戒律,,,,,,,S01,(vow to) abide by precepts and discipline;,pai8788@gmail.com
懺悔,,,,,,,S01,remorseful; repent; repentance; contritions,pai8788@gmail.com
做佛事,,,,,,,S01,do things in furtherance of Buddhism; further Buddhist affairs; handle/perform/do Buddhist affairs/matters/acts,pai8788@gmail.com
學佛如初，成就有餘,,,,,,,S01,"If one could continue to practice Buddhism just as one did in the beginning, then one could attain liberation.",pai8788@gmail.com
學佛,,,,,,,S01,learn and practice Buddhism; learn and practice Buddhism; learn from Buddha,pai8788@gmail.com
純净心,,,,,,,S01,a pure heart; pure mind?,pai8788@gmail.com
出離心,,,,,,,S01,have a heart/intent/mind for liberation; an intent to leave samsara; a mind determined to break away from samsara,pai8788@gmail.com
上乘根器,,,,,,,S01,practitioners with superior faculties,pai8788@gmail.com
金剛阿闍黎,,,,,,,S01,Vajra Acarya Master,pai8788@gmail.com
證道（者）；得道；覺；覺果；實證；證得實相,,,,,,,S01,(one who) realizes/attains/achieves enlightenment; the realization of the truth; true realization/attainment/accomplishment; realize the state of reality,pai8788@gmail.com
受戒,,,,,,,S01,receive the precepts,pai8788@gmail.com
入佛道,,,,,,,S01,walk the Buddhist path,pai8788@gmail.com
無常心,,,,,,,S01,have a heart to undersatand impermanence; have a mind aware of impermanence,pai8788@gmail.com
佈畏境,,,,,,,S01,fear horrible state?79頁/p68; ,pai8788@gmail.com
無間苦,,,,,,,S01,endless sufferings; constant sufferings,pai8788@gmail.com
六道火輪,,,,,,,S01,the fire wheel/the flaming wheel of the six realms (of existence and constant sufferings),pai8788@gmail.com
立誓,,,,,,,S01,vow; make a vow; make vows,pai8788@gmail.com
我執私慾,,,,,,,S01,egocentric thoughts and selfish desires,pai8788@gmail.com
漏業惡習,,,,,,,S01,negative karma and bad practice,pai8788@gmail.com
(修習)忍辱,,,,,,,S01,(practice) enduring insults; edure (tolerate/bear/suffer wrongs),pai8788@gmail.com
無上涅槃,,,,,,,S01,(attain/achieve/accomplish) supreme/ultimate nirvana,pai8788@gmail.com
四無量心（慈悲喜捨）,,,,,,,S01,"four limitless states of mind; the immeasurable loving-kindness, compassion, sympathetic joy and equanimity",pai8788@gmail.com
無量功德（福報）,,,,,,,S01,limitless/unlimited/immeasurable merit,pai8788@gmail.com
不殺生,,,,,,,S01,not to kill (living beings),pai8788@gmail.com
師兄弟,,,,,,,S01,fellow disciples; fellow brothers,pai8788@gmail.com
做功課,,,,,,,S01,meditate; practice Dharma; do daily meditation; do daily Dharma practice,pai8788@gmail.com
(打)妄語,,,,,,,S01,lie; deceive; tell lies; utter lies; speak falsely; speak/fabricate falsehoods; speak untrue words; make up lies; (Vajra Master or Buddhas and Bodhisattvas),pai8788@gmail.com
違背佛法,,,,,,,S01,violate the Buddha Dharma,pai8788@gmail.com
相信；明信；誠信,,,,,,,S01,believe in; clearly believe in; sincerely believe in,pai8788@gmail.com
因果業報；業報,,,,,,,S01,karmic retribution,pai8788@gmail.com
邪門歪道；歪門邪道,,,,,,,S01,evil ways,pai8788@gmail.com
邪見,,,,,,,S01,harbor evil views,pai8788@gmail.com
立宗傳人,,,,,,,S01,being an heir to a sect's spiritual legacy,pai8788@gmail.com
嫡傳弟子,,,,,,,S01,disciple by direct line,pai8788@gmail.com
行道,,,,,,,S01,the Buddha path; walk on the path of truth; walk on the spiritual path of truth,pai8788@gmail.com
神通廣大,,,,,,,S01,have vast supernormal powers,pai8788@gmail.com
法力無邊,,,,,,,S01,possess unlimited Dharma powers,pai8788@gmail.com
再來人,,,,,,,S01,the reincarnation of (Zhang Guo Lao),pai8788@gmail.com
樹正法幢,,,,,,,S01,,pai8788@gmail.com
可憐衆生,,,,,,,S01,pitiful/pitiable living beings,pai8788@gmail.com
（下）地獄,,,,,,,S01,descend into hell,pai8788@gmail.com
知戒犯戒,,,,,,,S01,knows the precepts/rules/teachings but violates/breaks them,pai8788@gmail.com
罪業深重,,,,,,,S01,those with deep and heavy ngative karma,pai8788@gmail.com
如夢方醒,,,,,,,S01,as if one were waking from a dream,pai8788@gmail.com
殺生,,,,,,,S01,killing,pai8788@gmail.com
淫亂；邪淫,,,,,,,S01,sexual misconduct,pai8788@gmail.com
罪過,,,,,,,S01,sins; offenses,pai8788@gmail.com
愚癡蓋障,,,,,,,S01,minds are covered with ignorance,pai8788@gmail.com
恭敬,,,,,,,S01,"pious, devoted and respectul; venerate, pay respect/homage to, revere",pai8788@gmail.com
神通幻化,,,,,,,S01,miraculous powers？,pai8788@gmail.com
五體投地,,,,,,,S01,prostrate,pai8788@gmail.com
如來,,,,,,,S01,Thathagata,pai8788@gmail.com
佛菩薩心腸,,,,,,,S01,the heart of Buddha or Bodhisattva,pai8788@gmail.com
佛堂,,,,,,,S01,family shrine room,pai8788@gmail.com
消災解難；消災免難,,,,,,,S01,eliminate difficulties and remove disasters; extricate from difficulties and disasters; 消災avoid calamities,pai8788@gmail.com
至高無上聖者,,,,,,,S01,a supreme Holy One,pai8788@gmail.com
真修(行)；假修(行),,,,,,,S01,true/serious/sincere/genuine cultivation/practice; false/superficial/insincere/non-genuine cultivation,pai8788@gmail.com
諸善行者,,,,,,,S01,all good practitioners/cultivators,pai8788@gmail.com
信衆,,,,,,,S01,believers,pai8788@gmail.com
末法時代,,,,,,,S01,the Dharma-Ending Age,pai8788@gmail.com
法界,,,,,,,S01,the Dharma realm; in all of the Dharma realms,pai8788@gmail.com
（葬送）慧命；斷衆生慧命；斷送衆生慧命善根,,,,,,,S01,spell an end to people's wisdom; cut off people's interest to learn Buddhism and realize liberation,pai8788@gmail.com
（斷掉）善根,,,,,,,S01,cut off the roots of (their) kindness,pai8788@gmail.com
（聽聞）法音,,,,,,,S01,(listen to) Dharma discourses; hear the discourses; listen to Dharma tapes,pai8788@gmail.com
攝受力,,,,,,,S01,limitless power to bless,pai8788@gmail.com
覺受,,,,,,,S01,feel? touch the bottom of one's heart?,pai8788@gmail.com
行善好施,,,,,,,S01,doing good deeds and giving to others,pai8788@gmail.com
不傷生,,,,,,,S01,not harming living beings,pai8788@gmail.com
不邪淫,,,,,,,S01,not engaging in sexual misconduct,pai8788@gmail.com
不妄語,,,,,,,S01,not lying; not to speak falsely; not uttering lies,pai8788@gmail.com
不惡口,,,,,,,S01,not speaking harshly/abusively,pai8788@gmail.com
不綺語,,,,,,,S01,"not using profane, flowery language",pai8788@gmail.com
不兩舌,,,,,,,S01,not speaking words that cause discord and rifts among people,pai8788@gmail.com
不飲酒,,,,,,,S01,not drinking alcohol,pai8788@gmail.com
不貪,,,,,,,S01,not greedy,pai8788@gmail.com
不瞋（恨）,,,,,,,S01,not give rise to anger or hatred,pai8788@gmail.com
不癡,,,,,,,S01,not ignorant,pai8788@gmail.com
八戒,,,,,,,S01,Eight Precepts,pai8788@gmail.com
十戒,,,,,,,S01,Ten Precepts,pai8788@gmail.com
小乘戒,,,,,,,S01,Hinayana Precepts,pai8788@gmail.com
菩薩戒,,,,,,,S01,Bodhisattva Precepts,pai8788@gmail.com
凡夫（俗子）；普通衆生,,,,,,,S01,ordinary person/people; ordinary worldly people,pai8788@gmail.com
惡行,,,,,,,S01,evil conduct,pai8788@gmail.com
狂魔之徒,,,,,,,S01,followers of evil,pai8788@gmail.com
毀謗,,,,,,,S01,malign; slander; defame; backbit;,pai8788@gmail.com
墮落,,,,,,,S01,degenerate; degrade; become degenerate,pai8788@gmail.com
（墮）三惡道；惡趣,,,,,,,S01,descend into/degenerate/degrade/fall into three lower realms; three evil realms,pai8788@gmail.com
功德迴向,,,,,,,S01,dedicate one's own merit to,pai8788@gmail.com
承擔業報； 擔業,,,,,,,S01,bear someone's karmic retribution,pai8788@gmail.com
（多生）惡習,,,,,,,S01,bad habits and karmas (that have accumulated throughout previous lives),pai8788@gmail.com
無始劫,,,,,,,S01,over countless eons,pai8788@gmail.com
業力深重,,,,,,,S01,negative karma is deep and heavy； deep negative habitual tendencies,pai8788@gmail.com
寺主,,,,,,,S01,head of the temple,pai8788@gmail.com
監院,,,,,,,S01,supervisor of the temple,pai8788@gmail.com
福慧資糧,,,,,,,S01,blessings/good fortune and wisdom,pai8788@gmail.com
善業報身,,,,,,,S01,the reward body of good karma,pai8788@gmail.com
（翻開）佛書,,,,,,,S01,leaf through Buddhist books,pai8788@gmail.com
根器；根器,,,,,,,S01,innate faculty; 根性 capacity,pai8788@gmail.com
釋迦世尊；釋迦牟尼佛,,,,,,,S01,Sakyamuni Buddha; the World Honored One Sakyamuni Buddha,pai8788@gmail.com
西方净土,,,,,,,S01,ascend to the Western Paradise,pai8788@gmail.com
違背誓言,,,,,,,S01,break/violate vows and precepts,pai8788@gmail.com
(出離/脫離) 六道輪迴/輪迴,,,,,,,S01,leave the six realms of existence; leave samsara; leave the six realms of reincarnation; extricate/free oneself from the cycle of birth and death; end the cycle of life and death;,pai8788@gmail.com
法語,,,,,,,S01,Dharma talk,pai8788@gmail.com
攝化,,,,,,,S01,influenced?; edified,pai8788@gmail.com
拜師,,,,,,,S01,acknowedge the Master,pai8788@gmail.com
餓鬼道,,,,,,,S01,hungry ghost realm,pai8788@gmail.com
地獄道,,,,,,,S01,hell realm; the realm of hell,pai8788@gmail.com
貪著；貪婪,,,,,,,S01,greed,pai8788@gmail.com
考驗,,,,,,,S01,pass the test; did not pass the test,pai8788@gmail.com
魔障,,,,,,,S01,demonic/diabolical obstructions/impediments,pai8788@gmail.com
無明習氣p104,,,,,,,S01,igonrance?p82,pai8788@gmail.com
神聖莊嚴,,,,,,,S01,sacredness and solemnity,pai8788@gmail.com
金剛壇場,,,,,,,S01,the Vajra Buddhist alter,pai8788@gmail.com
仁波切,,,,,,,S01,rinpoche,pai8788@gmail.com
五雷正法掌,,,,,,,S01,Five Thunder Correct Dharma Palm,pai8788@gmail.com
業行,,,,,,,S01,action karma,pai8788@gmail.com
褻瀆佛法,,,,,,,S01,profane the Buddha Dharma,pai8788@gmail.com
造業犯罪,,,,,,,S01,create/produce/bring about/generate negative karmas; commit/make/do wrongs/sins/offenses,pai8788@gmail.com
弘揚佛法,,,,,,,S01,propagating/spreading Buddha Dharma,pai8788@gmail.com
修行求道,,,,,,,S01,cultivating oneself and seeking truth/the path to liberation,pai8788@gmail.com
（救）度衆生,,,,,,,S01,save living beings,pai8788@gmail.com
覺醒,,,,,,,S01,true awareness; suddenly come to awareness;,pai8788@gmail.com
執迷不悟,,,,,,,S01,refuse to realize one's errors,pai8788@gmail.com
佛菩薩再來人（金剛上師）,,,,,,,S01,reincarnated/real incarnation of a true Buddha or Bodhisattva,pai8788@gmail.com
顯密具通，五明具足,,,,,,,S01,is proficient in or has mastered both exoteric and esoteric Dharma and perfected the Five Sciences (Five Vidyas),pai8788@gmail.com
内密灌頂,,,,,,,S01,can perform the Inner-Tantric Initiations,pai8788@gmail.com
佛教教義,,,,,,,S01,Buddhist tenet/doctrine(s),pai8788@gmail.com
持戒,,,,,,,S01,uphold the precepts,pai8788@gmail.com
修行人的十種表面,,,,,,,S01,the Ten Superficialities of Practitioners; the ten types of superficiality in practice,pai8788@gmail.com
蓮花生大師,,,,,,,S01,Master Padmasambhava,pai8788@gmail.com
誦經,,,,,,,S01,reciting passages from the sutra,pai8788@gmail.com
因果不昧,,,,,,,S01,the principle/law of cause and effect never errs,pai8788@gmail.com
經教,,,,,,,S01,teachings contained in the sutra,pai8788@gmail.com
佛書論著,,,,,,,S01,(read) Buddhist books and commentaries,pai8788@gmail.com
進廟,,,,,,,S01,go to temples,pai8788@gmail.com
燒香,,,,,,,S01,light incense; burn incense,pai8788@gmail.com
拜佛,,,,,,,S01,worship the Buddha,pai8788@gmail.com
做善事,,,,,,,S01,do good deeds,pai8788@gmail.com
積累佛資糧,,,,,,,S01,accumulate and increase one's Buddhist rescources,pai8788@gmail.com
長功德；纍積功德；圓滿功德,,,,,,,S01,increase/accumulate merit; perfect one's merit,pai8788@gmail.com
常樂,,,,,,,S01,"(obtain) true, eternal happiness; eternal bliss",pai8788@gmail.com
出家人,,,,,,,S01,monastics; monks and nuns;,pai8788@gmail.com
出家,,,,,,,S01,go forthe from household life?; renounce worldly practice/pursuit,pai8788@gmail.com
在家,,,,,,,S01,lay practitioners,pai8788@gmail.com
居士；在家居士,,,,,,,S01,lay practitioners; laypersons; layman; laymen; householders,pai8788@gmail.com
念阿彌陀佛,,,,,,,S01,chant the name Amitabha,pai8788@gmail.com
一心不亂,,,,,,,S01,with a focused and devout mind,pai8788@gmail.com
佛像,,,,,,,S01,the image of (Amitabha) Buddha;,pai8788@gmail.com
保佑,,,,,,,S01,bless and protect,pai8788@gmail.com
求法,,,,,,,S01,beseech/learn Dharma; seek the Dharma,pai8788@gmail.com
世法；世間法,,,,,,,S01,worldly/mundane matters/things/affairs; worldly/ mundane mindset/attitude/perspective/view/mentality,pai8788@gmail.com
修持,,,,,,,S01,practices/cultivation (one upholds),pai8788@gmail.com
空諦,,,,,,,S01,the meaning of emptiness,pai8788@gmail.com
莊嚴,,,,,,,S01,solemnity; solemn,pai8788@gmail.com
儀規；儀式儀規禮節,,,,,,,S01,rites and rituals,pai8788@gmail.com
佛教徒,,,,,,,S01,Buddhists,pai8788@gmail.com
燒香作供,,,,,,,S01,burn incense and make offerings,pai8788@gmail.com
背負因果：背因果；,,,,,,,S01,shoulder/bear the karmic consequences/results,pai8788@gmail.com
門外漢,,,,,,,S01,shoulder/bear the karmic consequences/results,pai8788@gmail.com
信仰,,,,,,,S01,belief; faith,pai8788@gmail.com
畜生道,,,,,,,S01,animal realm,pai8788@gmail.com
無量悲心,,,,,,,S01,limitless compassion,pai8788@gmail.com
(受)業力果報；因果報應,,,,,,,S01,(receive) karmic consequences/retributions/negative results,pai8788@gmail.com
無量苦果,,,,,,,S01,limitless sufferings,pai8788@gmail.com
利他,,,,,,,S01,(acts or conducts of) benefiting others; be beneficial to others,pai8788@gmail.com
俗諦；世俗諦,,,,,,,S01,in the mundane sense; in the worldly sense,pai8788@gmail.com
勝義諦,,,,,,,S01,in the wonderful sense?;,pai8788@gmail.com
大悲心,,,,,,,S01,(have a heart of) great compassion,pai8788@gmail.com
（發）菩提心,,,,,,,S01,(arouse) bodhicitta,pai8788@gmail.com
菩提願力,,,,,,,S01,make bodhicitta vows,pai8788@gmail.com
大乘 中乘 小乘,,,,,,,S01,"the Great Vehicle, the Middle Vehicle, the Small Vehicle?; the Mahayana Buddhism; the Hinayana Buddhsim",pai8788@gmail.com
大乘行人；大乘行者,,,,,,,S01,the Great Vehicle practitioner; practitioner of the Mahayana Buddhism; Mahayana practitioner,pai8788@gmail.com
羅漢,,,,,,,S01,Arhat,pai8788@gmail.com
辟支佛,,,,,,,S01,Prrtyeka Buddha,pai8788@gmail.com
小乘境界,,,,,,,S01,the state of the Hinayana Buddhism,pai8788@gmail.com
證境,,,,,,,S01,the state of realization,pai8788@gmail.com
戒律清净,,,,,,,S01,complete compliance with the precepts,pai8788@gmail.com
利樂有情,,,,,,,S01,"benefit, make happy and help all swntient beings",pai8788@gmail.com
行菩薩道,,,,,,,S01,walk the Bodhisattva path; walk on the Bodhisattva path?,pai8788@gmail.com
聖潔,,,,,,,S01,holy and pure,pai8788@gmail.com
放生,,,,,,,S01,free capative animals,pai8788@gmail.com
願力,,,,,,,S01,vows; make vows,pai8788@gmail.com
寧捨生命不捨法,,,,,,,S01,One is willing to give up one's life rather than disregard the Dharma,pai8788@gmail.com
聖者風範,,,,,,,S01,the model/example of a Holy One,pai8788@gmail.com
菩薩行(為),,,,,,,S01,Bodhisattva conduct,pai8788@gmail.com
空願力,,,,,,,S01,make empty vows,pai8788@gmail.com
錯因果,,,,,,,S01,violate the law of cause and effect,pai8788@gmail.com
符合教法（教義）,,,,,,,S01,be/act in accord with/comply with/in compliance with/in comformity with the Buddha Dharma/the teachings of the Buddha/principles,pai8788@gmail.com
自利利他,,,,,,,S01,benefit oneself and benifit others,pai8788@gmail.com
行善布施,,,,,,,S01,do good and make donations; engage in charitable activities or contributions; practice some charity,pai8788@gmail.com
生死自由,,,,,,,S01,have control over/be in control of one's own birth and death; free from the cycle of birth and death; attain control over one's own life and death 155,pai8788@gmail.com
净佈施,,,,,,,S01,pure charitable acts/activities/contributions,pai8788@gmail.com
不净佈施,,,,,,,S01,impure charitable activities; tainted donations,pai8788@gmail.com
有相佈施,,,,,,,S01,charitable donations/acts/donating in form;,pai8788@gmail.com
無相佈施,,,,,,,S01,,pai8788@gmail.com
珍惜福報,,,,,,,S01,appreciating the wealth/good fortune/blessings one has,pai8788@gmail.com
我見,,,,,,,S01,a view of self; have an erroneous view that self/ego is real,pai8788@gmail.com
(受)(善惡)業報,,,,,,,S01,(receive) karmic retribution/punishment/reward,pai8788@gmail.com
出世法,,,,,,,S01,non-worldly Dharma; supra-mundane Dharma?,pai8788@gmail.com
邪知邪見,,,,,,,S01,an evil view; an evil understanding and view,pai8788@gmail.com
了證空性；了悟空性；了空性,,,,,,,S01,realizing the nature of emptiness; realizing the empty nature of things,pai8788@gmail.com
密人；密宗行人,,,,,,,S01,Vajrayana (Buddhism) practitioners,pai8788@gmail.com
密宗；密法,,,,,,,S01,Vajrayana Buddhism; tantra; esoteric Buddhism,pai8788@gmail.com
三昧耶戒,,,,,,,S01,Samaya Precepts,pai8788@gmail.com
修行證道,,,,,,,S01,who have already realized enlightenment by cultivating themselves,pai8788@gmail.com
十大宗派,,,,,,,S01,ten major schools,pai8788@gmail.com
即身成佛,,,,,,,S01,becoming a Buddha or Great Bodhisattva in this very lifetime,pai8788@gmail.com
宗派,,,,,,,S01,schools and sects,pai8788@gmail.com
證三身（法身、報身、化身）,,,,,,,S01,"realize the state of Three Bodies (Dharmakaya, Sambhogakaya, Nirmanakaya/ Dharma body, Reward body, Manifested body)",pai8788@gmail.com
佛陀,,,,,,,S01,Buddha,pai8788@gmail.com
圓滿偉大,,,,,,,S01,"perfect, magnificent",pai8788@gmail.com
無上覺位,,,,,,,S01,the supreme state of enlightenment,pai8788@gmail.com
阿達爾瑪佛,,,,,,,S01,Adharma Buddha; the highest leader of tantra,pai8788@gmail.com
金剛總持,,,,,,,S01,Vajradhara,pai8788@gmail.com
古佛,,,,,,,S01,the ancient Buddha,pai8788@gmail.com
如來光明正定,,,,,,,S01,a Tathagata Brightness state of correct concentration,pai8788@gmail.com
正定,,,,,,,S01,correct concentration,pai8788@gmail.com
威光雄力,,,,,,,S01,,pai8788@gmail.com
金剛地獄,,,,,,,S01,the Vajra Hell,pai8788@gmail.com
顯宗；顯法,,,,,,,S01,exoteric Dharma; exoteric Buddhism,pai8788@gmail.com
搖鈴打鼓,,,,,,,S01,ring bells and beat drums,pai8788@gmail.com
修觀,,,,,,,S01,practice visualization,pai8788@gmail.com
持咒,,,,,,,S01,chant mantras;,pai8788@gmail.com
儀軌,,,,,,,S01,practice rituals,pai8788@gmail.com
單尊儀軌,,,,,,,S01,practice the rules and rituals of one's own yidam,pai8788@gmail.com
無上儀軌,,,,,,,S01,practice the supreme rules and rituals,pai8788@gmail.com
閉關（入關閉境地修練）,,,,,,,S01,enter the state of solitary practice; retreat,pai8788@gmail.com
歷代祖師,,,,,,,S01,ancient Masters who lived through ages; patriachs,pai8788@gmail.com
馬爾巴大師,,,,,,,S01,Master Marpa,pai8788@gmail.com
大懺悔,,,,,,,S01,thoroughly repent; deep repentance,pai8788@gmail.com
僧；僧眾；僧侶,,,,,,,S01,monastics,pai8788@gmail.com
貪求情愛；貪求利養；貪求世法,,,,,,,S01,covet affection and love; covet wpersonal gain and offerings; covet worldly gain,pai8788@gmail.com
煩惱,,,,,,,S01,defilements,pai8788@gmail.com
煩惱障,,,,,,,S01,obstruction of defilements; be obstructed from attaining enlightenment due to defilements,pai8788@gmail.com
五蘊（色受想行識）,,,,,,,S01,"five aggregates (forms, feelings, perceptions, mental formations/volitions, and consciousness)",pai8788@gmail.com
五蘊不空,,,,,,,S01,not emptying/not being able to empty the five aggregates; hold tight to the five aggregates,pai8788@gmail.com
(貪求)名聞利養,,,,,,,S01,"coveting/craving/longing for fame, status, profits/gain and offterings of disciples",pai8788@gmail.com
五欲,,,,,,,S01,"five desires (forms, sounds, smells, tastes and touch sensations))",pai8788@gmail.com
參禪打坐,,,,,,,S01,sit and meditate; quietly sit in meditation,pai8788@gmail.com
萬法皆空,,,,,,,S01,all Dharmas and all things are empty,pai8788@gmail.com
六根未净,,,,,,,S01,six bases are not yet pure,pai8788@gmail.com
塵境,,,,,,,S01,things of the world,pai8788@gmail.com
執著,,,,,,,S01,attachment; attach to; be attached to; adhere to,pai8788@gmail.com
色聲香味觸法,,,,,,,S01,"forms, sounds, smells, tastes, touches/bodily sensations and thoughts/mental objects",pai8788@gmail.com
顛倒夢想,,,,,,,S01,"engage in discord, dream-like thinking",pai8788@gmail.com
世法幻相,,,,,,,S01,illusory things of the world,pai8788@gmail.com
了悟,,,,,,,S01,become aware;,pai8788@gmail.com
開悟,,,,,,,S01,become awakened; get awakened; attain understanding and awareness,pai8788@gmail.com
散亂,,,,,,,S01,thoughts run wild; thoughts are scattered; unfocused/distracted mind; reckless thoiughts,pai8788@gmail.com
外境所遷,,,,,,,S01,be manipulated by the outside/external environment,pai8788@gmail.com
内外魔羅,,,,,,,S01,both inner and outer devils,pai8788@gmail.com
提起正念,,,,,,,S01,give rise to right mindfulness,pai8788@gmail.com
無明垢業,,,,,,,S01,the negative karma born of ignorance,pai8788@gmail.com
自性光明,,,,,,,S01,original bright nature,pai8788@gmail.com
修禪入定,,,,,,,S01,meditate and enter into a state of concentration,pai8788@gmail.com
修禪習定,,,,,,,S01,practice meditation and concentration,pai8788@gmail.com
大禮拜,,,,,,,S01,prostrate,pai8788@gmail.com
善信；善男信女,,,,,,,S01,good Budhhist followers; devout men and women,pai8788@gmail.com
持鉢,,,,,,,S01,hold an alms bowl,pai8788@gmail.com
比丘；和尚,,,,,,,S01,monks,pai8788@gmail.com
無量(有情)衆生,,,,,,,S01,countless sentient beings,pai8788@gmail.com
千劫萬生；萬劫千生,,,,,,,S01,for eons and eons,pai8788@gmail.com
(陷於)六道輪迴火宅,,,,,,,S01,stay trapped in the burning houise of the six realms of samsara,pai8788@gmail.com
化緣,,,,,,,S01,on (one's) alms round,pai8788@gmail.com
佛教界,,,,,,,S01,within Buddhist circles,pai8788@gmail.com
水中花,,,,,,,S01,the reflection of flowers on water,pai8788@gmail.com
鏡中月,,,,,,,S01,the appearance of the moon on a mirrot,pai8788@gmail.com
犯戒（犯罪）,,,,,,,S01,violating the precepts is committing offenses,pai8788@gmail.com
地獄門中僧道多,,,,,,,S01,At the door of hell are many monastics,pai8788@gmail.com
佛國,,,,,,,S01,the land of the Buddha,pai8788@gmail.com
早晚課誦,,,,,,,S01,"daily sutra reciting/chanting; regular morning and evening sessions for chanting, meditating and practicing Dharma",pai8788@gmail.com
自覺,,,,,,,S01,have a mind aware of...; self-awareness;,pai8788@gmail.com
解脫法寶,,,,,,,S01,liberating Dharma treasure,pai8788@gmail.com
離苦；離苦得樂,,,,,,,S01,to end suffering; to be free from suffering and attain happiness,pai8788@gmail.com
八風；為八風所動,,,,,,,S01,be moved by the Eight Winds,pai8788@gmail.com
八風吹不動,,,,,,,S01,be unmoved by the Eight Winds,pai8788@gmail.com
(大)聖者,,,,,,,S01,a Great Holy One,pai8788@gmail.com
(大)菩薩,,,,,,,S01,a Great Bodhisattva,pai8788@gmail.com
難得人身,,,,,,,S01,this hard to obtain rebirth as a human being,pai8788@gmail.com
得果成地；證果登地,,,,,,,S01,attain the fruits and stages,pai8788@gmail.com
佛降甘露頂,,,,,,,S01,Buddhas Bestow Nectar Initiation; the Buddhas bestow nectar from the sky 佛降甘露,pai8788@gmail.com
實修實證；實證實修,,,,,,,S01,true cultivation and true realization,pai8788@gmail.com
虛名,,,,,,,S01,empty title,pai8788@gmail.com
經教子,,,,,,,S01,sutra teacher,pai8788@gmail.com
經書論著,,,,,,,S01,sutras and commentaries,pai8788@gmail.com
法義教條,,,,,,,S01,the meaning of the Dharma and the doctrines,pai8788@gmail.com
法理,,,,,,,S01,Dharma principles,pai8788@gmail.com
佛學大家；佛學大師,,,,,,,S01,great scholars of Buddhism,pai8788@gmail.com
實證功夫,,,,,,,S01,the skills of true realization; the power of true reallization,pai8788@gmail.com
(展顯)法力,,,,,,,S01,(the manifestation of) Dharma power,pai8788@gmail.com
依理而行,,,,,,,S01,act in accordance with the principles; put into practice the principles one has learned,pai8788@gmail.com
依行入法,,,,,,,S01,,pai8788@gmail.com
依法入修,,,,,,,S01,practice according to the Dharma,pai8788@gmail.com
學佛修行,,,,,,,S01,learning and practicing Buddhism; learn Buddhism and practice the Dharma,pai8788@gmail.com
殊勝受用,,,,,,,S01,be of immense/great/wonderfulmarvelous use/benefit;,pai8788@gmail.com
依止上師,,,,,,,S01,follow a Master,pai8788@gmail.com
皈依佛門,,,,,,,S01,taking refuge in Buddhism,pai8788@gmail.com
觀想；修觀,,,,,,,S01,visualize; practice visualization,pai8788@gmail.com
散亂,,,,,,,S01,unfocused/distracted mind,pai8788@gmail.com
昏沉,,,,,,,S01,drowsiness; drowsy; scattered,pai8788@gmail.com
掉舉,,,,,,,S01,(concentration) becomes unsteady,pai8788@gmail.com
懈怠,,,,,,,S01,become lazy/loose,pai8788@gmail.com
助緣力,,,,,,,S01,apply force to strengthen one's concentration,pai8788@gmail.com
加行力,,,,,,,S01,,pai8788@gmail.com
正知力,,,,,,,S01,the power/strength of correct understanding,pai8788@gmail.com
法要,,,,,,,S01,the essentials/essence of the Dharma,pai8788@gmail.com
（結）手印,,,,,,,S01,put hands in a certain mudra;,pai8788@gmail.com
（修）曼達；修曼達供,,,,,,,S01,the practice of the mandala; practice the mandala offering; practice the mandala Dharma offering,pai8788@gmail.com
傳法；傳法儀軌,,,,,,,S01,transmit the Dharma; Dharma transmitting rituals,pai8788@gmail.com
須彌山,,,,,,,S01,Mt. Sumeru,pai8788@gmail.com
四大部洲,,,,,,,S01,(visualizing Mt. Sumeru and) the four great continents around it,pai8788@gmail.com
佛陀師父,,,,,,,S01,Buddha Master,pai8788@gmail.com
心生怖畏,,,,,,,S01,give rise to a horror/fear of; be extremely frightened;,pai8788@gmail.com
夢幻泡影,,,,,,,S01,"everything is like dream, illusions, bubbles, shadows",pai8788@gmail.com
過眼雲烟,,,,,,,S01,like smoke or clouds passing before eyes,pai8788@gmail.com
海市蜃樓,,,,,,,S01,mirage; it is all just a mirage,pai8788@gmail.com
六道衆生,,,,,,,S01,all living beings in the six realms (of existence),pai8788@gmail.com
假象/假相,,,,,,,S01,(any of the) manifold false apprearances/phenomena,pai8788@gmail.com
罣礙；挂礙,,,,,,,S01,impediment(s); obstacle; obstruction; hindrance;,pai8788@gmail.com
世象/世相,,,,,,,S01,worldly apprearances/phenomena,pai8788@gmail.com
世事無常,,,,,,,S01,all worldly apprearances/phenomena are impermanent,pai8788@gmail.com
履行誓願,,,,,,,S01,fulfill one's vows,pai8788@gmail.com
無間地獄,,,,,,,S01,the hell realm of uninterrupted suffering,pai8788@gmail.com
得大智慧,,,,,,,S01,realizing great wisdom (and great supernormal powers),pai8788@gmail.com
求道,,,,,,,S01,seek a path of true liberation; seek for liberation; seeking enlightenment; search for engligtenment,pai8788@gmail.com
俗務,,,,,,,S01,worldly affairs/matters/engagement;,pai8788@gmail.com
邊見,,,,,,,S01,narrow viewpoint,pai8788@gmail.com
煩惱即菩提,,,,,,,S01,the defilements are the same as enlightenment; afflictions are bodhi,pai8788@gmail.com
行住坐臥,,,,,,,S01,"walking, standing, sitting and lying down",pai8788@gmail.com
做一天和尚撞一天鐘,,,,,,,S01,like the monk who purfunctorily,pai8788@gmail.com
禪門,,,,,,,S01,Zen (Chan) Buddhism; Zen school,pai8788@gmail.com
求法行道,,,,,,,S01,seek the Dharma and walk on the path of truth,pai8788@gmail.com
禪定,,,,,,,S01,,pai8788@gmail.com
坐香,,,,,,,S01,,pai8788@gmail.com
參話頭,,,,,,,S01,meditating or contemplating the answers to koans,pai8788@gmail.com
世法即佛法；,,,,,,,S01,Buddha Dharma originates from worldly Dharma; leaves behind worldly Dharma then there's no Buddha Dharma;,pai8788@gmail.com
悟道,,,,,,,S01,realize the truth; having attained understanding or awareness,pai8788@gmail.com
兜率天内外院,,,,,,,S01,ascend to the inner and outer palace of Tusita Heaven,pai8788@gmail.com
（犯）五十戒,,,,,,,S01,violate 50 precepts (?),pai8788@gmail.com
心緣一境,,,,,,,S01,a focused mind,pai8788@gmail.com
明心見性；知其本性,,,,,,,S01,understand one's origingal nature,pai8788@gmail.com
一念成真,,,,,,,S01,,pai8788@gmail.com
聖母上師,,,,,,,S01,the Holy Mother Master,pai8788@gmail.com
叩首,,,,,,,S01,kowtow,pai8788@gmail.com
根性駑鈍,,,,,,,S01,dimwittedness,pai8788@gmail.com
隨緣教化,,,,,,,S01,educate according to the circumstances at the time,pai8788@gmail.com
（犯）三昧耶戒,,,,,,,S01,(violate) the Samaya Precepts,pai8788@gmail.com
恩師,,,,,,,S01,respected Master,pai8788@gmail.com
幻化因緣(顯)；因緣幻化,,,,,,,S01,illusory manifestation of causes and conditions,pai8788@gmail.com
妙有真空(樂),,,,,,,S01,"wonderful manifestion of true void, which is true bliss",pai8788@gmail.com
根性,,,,,,,S01,innate capacity,pai8788@gmail.com
業障現前,,,,,,,S01,negative karma manifests,pai8788@gmail.com
靜坐,,,,,,,S01,meditation,pai8788@gmail.com
聼法；聞法,,,,,,,S01,listening to/hearing Dharma/Dharma discourses/Dharma lectures; listening to prerecorded Dharma discourses,pai8788@gmail.com
無常迅速,,,,,,,S01,death is fast approaching,pai8788@gmail.com
修法；做課,,,,,,,S01,practice Dharma; practice tantra; daily practice,pai8788@gmail.com
古德,,,,,,,S01,ancient virtuous one,pai8788@gmail.com
六根（眼耳鼻舌身意）,,,,,,,S01,"six bases/sense organs: eyes, ears, nose, tongue, body, mind",pai8788@gmail.com
六塵,,,,,,,S01,six dust/,pai8788@gmail.com
隨境所遷,,,,,,,S01,be moved/influenced by external conditions,pai8788@gmail.com
外境,,,,,,,S01,external conditions/objects,pai8788@gmail.com
道境,,,,,,,S01,state of realization,pai8788@gmail.com
定境,,,,,,,S01,state of concentration,pai8788@gmail.com
心識遷流,,,,,,,S01,mind is moved,pai8788@gmail.com
（落入）常邊二見；斷常二見,,,,,,,S01,fall into the extreme viewpont of eternalism?,pai8788@gmail.com
（離）斷常邊見,,,,,,,S01,(avoid) the two extreme viewpoints of total annilhilation and perpetual existence,pai8788@gmail.com
凡夫心識；凡夫意境,,,,,,,S01,an ordinary person's state of mind; the state of an ordinary person,pai8788@gmail.com
八識心王,,,,,,,S01,eighth consciousness,pai8788@gmail.com
大悟 中悟 小悟 已悟 未悟,,,,,,,S01,"those with great/medium/slight understanding of the truth, already understand the truth, and those who do not understand the truth",pai8788@gmail.com
中道；中道之觀；中觀,,,,,,,S01,the middle way; the viewpoint of the middle way,pai8788@gmail.com
所知障,,,,,,,S01,,pai8788@gmail.com
根塵相對,,,,,,,S01,,pai8788@gmail.com
徹見,,,,,,,S01,thoroughly perceive/realize,pai8788@gmail.com
寂寂心性；寂滅性；心性寂滅,,,,,,,S01,the silent and still nature of mind; in a state of utter tranquility,pai8788@gmail.com
空有不二,,,,,,,S01,nothiingness and somethingness are not different; the oneness/sameness of emptiness/nothingness and somethingness,pai8788@gmail.com
真空妙有,,,,,,,S01,all manifested things are true emptiness in nature,pai8788@gmail.com
真空即妙有,,,,,,,S01,true emptiness is the same as marvelous existence; non-being is the same as marvelous being,pai8788@gmail.com
不二法門,,,,,,,S01,the one and undivided truth of the Dharma; the undivided truth,pai8788@gmail.com
住空而不執空,,,,,,,S01,abide in emptiness but not attached to emptiness,pai8788@gmail.com
實相；實相境,,,,,,,S01,realize the reality,pai8788@gmail.com
俗諦即聖諦；本源一體,,,,,,,S01,mundane and holy are the same; It is all one and the same; there is no distinction between the mundane and the holy,pai8788@gmail.com
本源一體；無一無二,,,,,,,S01,(It is) all one and the same; are one and the same,pai8788@gmail.com
一柱香,,,,,,,S01,short daily periods of meditation?,pai8788@gmail.com
悟見證；見悟證,,,,,,,S01,understand-see-realize,pai8788@gmail.com
出世（者）,,,,,,,S01,(one who) renounces this world,pai8788@gmail.com
實際功夫,,,,,,,S01,possess true skills,pai8788@gmail.com
自由任運；任運自如；,,,,,,,S01,attain complete freedom and control; be in total control as one wishes 155,pai8788@gmail.com
失道,,,,,,,S01,loss of the way to liberation,pai8788@gmail.com
滅境,,,,,,,S01,a state of nihilism,pai8788@gmail.com
未證言證，未得言得,,,,,,,S01,telling others that one has attained true realization and true accomplisment when one has not; having said they attained realization when in fact they had not,pai8788@gmail.com
大疑大悟 小疑小悟 不疑不悟,,,,,,,S01,Those who have great/small doubts (questions) will obtain great/small understanding. Those who have no doubts (questions) will not obtain any understanding.,pai8788@gmail.com
謂有所得，實無所得,,,,,,,S01,One is said to have attained something. In truth ther is no attainment.,pai8788@gmail.com
方便法門,,,,,,,S01,an expedient method of communicating,pai8788@gmail.com
三般若（文字 觀照 實相）,,,,,,,S01,three types of prajna (prajna obtained through the written word; prajan obtained through contemplating reality; realize the prajna of ultimate reality,pai8788@gmail.com
如如而住,,,,,,,S01,abide in total peace,pai8788@gmail.com
任運而住,,,,,,,S01,abide in total freedom,pai8788@gmail.com
（非）離色取空,,,,,,,S01,one does not ignore all form and only think of emptiness,pai8788@gmail.com
（亦非）離空取色,,,,,,,S01,nor does one ignore emptiness and only think of form,pai8788@gmail.com
色空一體；本源一體；色空本源一體,,,,,,,S01,form and emptiness are one and the same,pai8788@gmail.com
人我執,,,,,,,S01,hold the concept of permanent self that is seperate from others,pai8788@gmail.com
法執,,,,,,,S01,attach to the Dharma of liberation,pai8788@gmail.com
靜坐禪修,,,,,,,S01,meditate and zen practice,pai8788@gmail.com
大圓空光,,,,,,,S01,the Great and Perfect Empty Brightness Dharma,pai8788@gmail.com
且伽妥噶,,,,,,,S01,Qie Jia Tuo Ga Dharma,pai8788@gmail.com
氣脈明點,,,,,,,S01,energy channels and points,pai8788@gmail.com
化虹光身,,,,,,,S01,transform oneself into the rainbow body,pai8788@gmail.com
佛法在世間，不離世間覺,,,,,,,S01,"Since the Buddha Dharma exists within this very world, full enlightenment must include awareness of the ultimate realities of the world.",pai8788@gmail.com
下等根器,,,,,,,S01,inferior innate capacity,pai8788@gmail.com
徹悟,,,,,,,S01,have thoroughly understood principles; have attained total awareness,pai8788@gmail.com
漸悟,,,,,,,S01,gradual awakening,pai8788@gmail.com
頓悟,,,,,,,S01,sudden awakening,pai8788@gmail.com
光明大手印,,,,,,,S01,Mahamudra of Brightness,pai8788@gmail.com
心中心,,,,,,,S01,the Mind Within the Mind,pai8788@gmail.com
定力,,,,,,,S01,concentration; mental focus,pai8788@gmail.com
正知覺照,,,,,,,S01,correct awareness,pai8788@gmail.com
如來大定,,,,,,,S01,have attained the great concentration of a Tatjagata,pai8788@gmail.com
有爲法,,,,,,,S01,conditioned phenomena,pai8788@gmail.com
無爲法,,,,,,,S01,unconditioned Dharma,pai8788@gmail.com
懂得因果,,,,,,,S01,understanding cause and effect,pai8788@gmail.com
明信因果,,,,,,,S01,clearly believing in cause and effect,pai8788@gmail.com
成住壞空,,,,,,,S01,"the four stages of arising, subsisting, changing and passing away",pai8788@gmail.com
先知,,,,,,,S01,prophet,pai8788@gmail.com
知見,,,,,,,S01,viewpoints; understanding; views;,pai8788@gmail.com
佛法界,,,,,,,S01,all Buddhist circles,pai8788@gmail.com
我慢,,,,,,,S01,egotism;,pai8788@gmail.com
成就者;大成就者,,,,,,,S01,an Accomplished One; one of great accomplishment,pai8788@gmail.com
密勒日巴大師,,,,,,,S01,Master Milarepa,pai8788@gmail.com
聖理二量（聖教量；理量）,,,,,,,S01,聖教量 the actual realization of emptiness；理量 the principles of emptiness,pai8788@gmail.com
去惡揚善,,,,,,,S01,rid of any evil and do all good; diligently do good and diligently eschew evil,pai8788@gmail.com
償還業債,,,,,,,S01,pay back karmic debt,pai8788@gmail.com
供養諸佛菩薩,,,,,,,S01,make offerings to Buddhas and Bodhisattvas,pai8788@gmail.com
供養三寶,,,,,,,S01,make offerings to the Three Jewels,pai8788@gmail.com
無明犯罪；無明造業,,,,,,,S01,commit offenses/create karmas through ignorance,pai8788@gmail.com
虔誠恭敬三寶,,,,,,,S01,devoutly respectful toward the Three Jewels,pai8788@gmail.com
依怙三寶,,,,,,,S01,rely on the Three Jewels,pai8788@gmail.com
成就無礙,,,,,,,S01,attain liberation without (meeting) hindrances,pai8788@gmail.com
戒行嚴謹,,,,,,,S01,strictly abide by the rules and precepts,pai8788@gmail.com
心存正念；心無正念,,,,,,,S01,minds contain upright thoughts； one's mind do not contain upright thoughts,pai8788@gmail.com
緣起而生，緣盡而滅,,,,,,,S01,everything comes into being through the occurrence of certain causes and conditions and passes away with the cessation of such causes and conditions,pai8788@gmail.com
宇宙萬物之真諦,,,,,,,S01,the true essence of everything in the universe,pai8788@gmail.com
黑白二業；黑業；白業,,,,,,,S01,(produce) bad/negative and good karma,pai8788@gmail.com
發心,,,,,,,S01,resolve to,pai8788@gmail.com
貪瞋痴愛喜怒哀樂,,,,,,,S01,"greed, hatred, ignorance, craving, joy, anger, sorrow, pleasure",pai8788@gmail.com
正行,,,,,,,S01,act correctly; correct action,pai8788@gmail.com
無上佛陀證境,,,,,,,S01,attain the supreme state of a Buddha,pai8788@gmail.com
四眾弟子,,,,,,,S01,"four types of practitioners (monks, nuns, male and female lay adherents/disciples)",pai8788@gmail.com
往生,,,,,,,S01,be reincarnated into; be born into,pai8788@gmail.com
（有/持/生起）恭敬心,,,,,,,S01,(have/keep/maintain/give rise to/generate) a respectful heart; the respect in one's heart; (have),pai8788@gmail.com
神通示現；神通展顯；神通本事,,,,,,,S01,manifest miraculous powers; supernormal skills,pai8788@gmail.com
平常心,,,,,,,S01,an ordinary heart? 221/150,pai8788@gmail.com
因緣,,,,,,,S01,karmic destiny; karmic condition,pai8788@gmail.com
深者見深，淺者見淺,,,,,,,S01,Those who are deep see deeply; those who are shallow see shallowly.,pai8788@gmail.com
西密,,,,,,,S01,Tibetan tantra,pai8788@gmail.com
密勒日巴大師,,,,,,,S01,Master Milerepa,pai8788@gmail.com
岡布巴(岡波巴),,,,,,,S01,Gampopa,pai8788@gmail.com
苦行,,,,,,,S01,undergo difficulties and hardships,pai8788@gmail.com
菩提境界,,,,,,,S01,attain the state of bodhi,pai8788@gmail.com
大乘願力,,,,,,,S01,Mahayana vows,pai8788@gmail.com
精進修行,,,,,,,S01,energetically cultivate oneself; cultivate diligently/vigorously/energetically; exert effort to cultivate/practice;,pai8788@gmail.com
五部内密,,,,,,,S01,the five divisions of Inner-Tantric Initiations,pai8788@gmail.com
大摩訶薩,,,,,,,S01,a Great Mahasattva,pai8788@gmail.com
觀音菩薩,,,,,,,S01,Kuan Yin Bodhisattva,pai8788@gmail.com
視師如佛,,,,,,,S01,"treat and respect your Master, who is like a Buddha; treat the Master being no different from the Buddha",pai8788@gmail.com
無二無別；沒有分別,,,,,,,S01,being no different from; does not make disction between,pai8788@gmail.com
如恆河沙數,,,,,,,S01,as myriad as the sands of Ganges River,pai8788@gmail.com
（持）如杖法寶,,,,,,,S01,lift up the Dharma Treasure Staff,pai8788@gmail.com
黑業垢障,,,,,,,S01,negative karma and impurities,pai8788@gmail.com
垢障,,,,,,,S01,defilement and obstruction,pai8788@gmail.com
所知障,,,,,,,S01,obstructions caused by one's present knowledge,pai8788@gmail.com
舉正法幢,,,,,,,S01,raise high the banner of the correct Dharma,pai8788@gmail.com
傳承,,,,,,,S01,a true spiritual legacy; lineage?,pai8788@gmail.com
謗師,,,,,,,S01,maligning/slandering one's master,pai8788@gmail.com
擇師,,,,,,,S01,the selection of a master; selecting a master,pai8788@gmail.com
如魔附體；邪魔附體；入魔（境）,,,,,,,S01,(like) demons closely attached to one's body; become diabolically possessed; enter into a diabolical state 招魔；入魔（境）,pai8788@gmail.com
（增加/減損）功德福報；福報功德,,,,,,,S01,(increase/decrease) merit and blessings,pai8788@gmail.com
生起明覺,,,,,,,S01,give rise to bright awareness,pai8788@gmail.com
輕安覺受,,,,,,,S01,experience a feeling of light peace,pai8788@gmail.com
大輕安,,,,,,,S01,experience a feeling of great peace,pai8788@gmail.com
刹那間,,,,,,,S01,instantaneously,pai8788@gmail.com
陰魔,,,,,,,S01,hidden devil,pai8788@gmail.com
道場（主寺和分院）,,,,,,,S01,main temples and subsidiary temples,pai8788@gmail.com
共修處,,,,,,,S01,group cultivation places,pai8788@gmail.com
精舍,,,,,,,S01,monasteries,pai8788@gmail.com
廟宇,,,,,,,S01,temples,pai8788@gmail.com
中心；會所,,,,,,,S01,centers,pai8788@gmail.com
基金會,,,,,,,S01,foundations,pai8788@gmail.com
習氣,,,,,,,S01,habitual tendencies,pai8788@gmail.com
弘法利生,,,,,,,S01,the undertaking of spreading the Buddha Dharma and benefiting living beings,pai8788@gmail.com
徒勞行,,,,,,,S01,futile practice; one's practice is futile,pai8788@gmail.com
讚嘆,,,,,,,S01,praise,pai8788@gmail.com
勝義因緣,,,,,,,S01,wonderful opportunity,pai8788@gmail.com
關房,,,,,,,S01,,pai8788@gmail.com
精進,,,,,,,S01,exert effort; exert a vast amount of energy,pai8788@gmail.com
五毒,,,,,,,S01,,pai8788@gmail.com
受口訣,,,,,,,S01,,pai8788@gmail.com
三界六道,,,,,,,S01,,pai8788@gmail.com
空願力,,,,,,,S01,,pai8788@gmail.com
破毀誓願,,,,,,,S01,break one's vows,pai8788@gmail.com
世法利益,,,,,,,S01,,pai8788@gmail.com
佛法原則,,,,,,,S01,,pai8788@gmail.com
依法不依人,,,,,,,S01,,pai8788@gmail.com
皈依,,,,,,,S01,,pai8788@gmail.com
發（大乘）菩提心,,,,,,,S01,,pai8788@gmail.com
無量衆生誓願渡,,,,,,,S01,,pai8788@gmail.com
無邊煩惱誓願斷,,,,,,,S01,,pai8788@gmail.com
護法空行,,,,,,,S01,,pai8788@gmail.com
覺醒,,,,,,,S01,,pai8788@gmail.com
慧劍,,,,,,,S01,,pai8788@gmail.com
烈焰地獄,,,,,,,S01,,pai8788@gmail.com
刀山地獄,,,,,,,S01,,pai8788@gmail.com
密法,,,,,,,S01,,pai8788@gmail.com
傳法；傳法儀軌,,,,,,,S01,transmit the Dharma; Dharma transmitting rituals,pai8788@gmail.com
（生起）本尊佛慢,,,,,,,S01,,pai8788@gmail.com
外密灌頂,,,,,,,S01,,pai8788@gmail.com
内密灌頂,,,,,,,S01,,pai8788@gmail.com
跟佛菩薩相通,,,,,,,S01,,pai8788@gmail.com
法力神通展現；神通法力表法,,,,,,,S01,the manifestation of supernormal Dharma power,pai8788@gmail.com
五部灌頂,,,,,,,S01,,pai8788@gmail.com
《入法門論》,,,,,,,S01,,pai8788@gmail.com
金剛三昧灌頂,,,,,,,S01,,pai8788@gmail.com
吉祥擇決灌頂,,,,,,,S01,,pai8788@gmail.com
法輪通聖灌頂,,,,,,,S01,,pai8788@gmail.com
佛降甘露灌頂,,,,,,,S01,,pai8788@gmail.com
金瓶摯籤灌頂,,,,,,,S01,,pai8788@gmail.com
部主,,,,,,,S01,,pai8788@gmail.com
部母,,,,,,,S01,,pai8788@gmail.com
部副,,,,,,,S01,,pai8788@gmail.com
明王,,,,,,,S01,,pai8788@gmail.com
制定戒律,,,,,,,S01,,pai8788@gmail.com
比丘戒,,,,,,,S01,,pai8788@gmail.com
比丘尼戒,,,,,,,S01,,pai8788@gmail.com
五戒,,,,,,,S01,,pai8788@gmail.com
邪道,,,,,,,S01,,pai8788@gmail.com
魔道,,,,,,,S01,,pai8788@gmail.com
三界,,,,,,,S01,,pai8788@gmail.com
娑婆世界,,,,,,,S01,,pai8788@gmail.com
黃羅傘,,,,,,,S01,,pai8788@gmail.com
大寶法王,,,,,,,S01,,pai8788@gmail.com
經律論,,,,,,,S01,,pai8788@gmail.com
（十部）密典,,,,,,,S01,,pai8788@gmail.com
三藏,,,,,,,S01,,pai8788@gmail.com
圓融無礙,,,,,,,S01,,pai8788@gmail.com
法王法輪,,,,,,,S01,,pai8788@gmail.com
慚愧心,,,,,,,S01,,pai8788@gmail.com
悟境,,,,,,,S01,,pai8788@gmail.com
徹見,,,,,,,S01,,pai8788@gmail.com
聞思修,,,,,,,S01,,pai8788@gmail.com
明知故犯,,,,,,,S01,,pai8788@gmail.com
知戒犯戒,,,,,,,S01,,pai8788@gmail.com
三昧耶嚴慎部戒,,,,,,,S01,,pai8788@gmail.com
多重戒律,,,,,,,S01,,pai8788@gmail.com
燒一柱香,,,,,,,S01,,pai8788@gmail.com
修佛塔,,,,,,,S01,,pai8788@gmail.com
加行,,,,,,,S01,,pai8788@gmail.com
正修,,,,,,,S01,,pai8788@gmail.com
（作/行/建立/積纍）功德,,,,,,,S01,,pai8788@gmail.com
功德山,,,,,,,S01,,pai8788@gmail.com
净業；不净業,,,,,,,S01,pure karma; impure karma,pai8788@gmail.com
悟性,,,,,,,S01,,pai8788@gmail.com
三寶總相,,,,,,,S01,,pai8788@gmail.com
聖者上師,,,,,,,S01,the Holy Master,pai8788@gmail.com
一代宗師,,,,,,,S01,,pai8788@gmail.com
德行,,,,,,,S01,,pai8788@gmail.com
具德上師,,,,,,,S01,,pai8788@gmail.com
如來正法,,,,,,,S01,,pai8788@gmail.com
昧因果；違背因果,,,,,,,S01,,pai8788@gmail.com
庇佑,,,,,,,S01,,pai8788@gmail.com
有求必應,,,,,,,S01,,pai8788@gmail.com
光明無量,,,,,,,S01,,pai8788@gmail.com
神通無量：無量神通,,,,,,,S01,limitless supernormal/miraculous powers,pai8788@gmail.com
妙智無礙,,,,,,,S01,,pai8788@gmail.com
七十二億恆河沙,,,,,,,S01,,pai8788@gmail.com
諸佛菩薩,,,,,,,S01,,pai8788@gmail.com
常樂受用,,,,,,,S01,,pai8788@gmail.com
業力清凈,,,,,,,S01,,pai8788@gmail.com
無過之行,,,,,,,S01,,pai8788@gmail.com
大喇嘛,,,,,,,S01,,pai8788@gmail.com
導師,,,,,,,S01,,pai8788@gmail.com
乘愿再來,,,,,,,S01,,pai8788@gmail.com
應世化渡,,,,,,,S01,,pai8788@gmail.com
大摩訶薩,,,,,,,S01,,pai8788@gmail.com
初地不知二地事，五地豈知十地行,,,,,,,S01,,pai8788@gmail.com
導化,,,,,,,S01,,pai8788@gmail.com
迷惑衆生；誑惑衆生,,,,,,,S01,,pai8788@gmail.com
塵垢,,,,,,,S01,,pai8788@gmail.com
宿業,,,,,,,S01,,pai8788@gmail.com
因地菩薩,,,,,,,S01,,pai8788@gmail.com
第六天魔王,,,,,,,S01,,pai8788@gmail.com
魔眾,,,,,,,S01,,pai8788@gmail.com
持咒修觀,,,,,,,S01,chant a certain mantra and practice visualization,pai8788@gmail.com
滅度,,,,,,,S01,,pai8788@gmail.com
五百羅漢,,,,,,,S01,,pai8788@gmail.com
阿難,,,,,,,S01,,pai8788@gmail.com
印證,,,,,,,S01,,pai8788@gmail.com
百龍三藏？；白龍三藏,,,,,,,S01,,pai8788@gmail.com
四部瑜伽,,,,,,,S01,,pai8788@gmail.com
結夏,,,,,,,S01,,pai8788@gmail.com
消夏,,,,,,,S01,,pai8788@gmail.com
三藏通圓（圓通）,,,,,,,S01,,pai8788@gmail.com
自立宗派,,,,,,,S01,,pai8788@gmail.com
我執我見,,,,,,,S01,self attachment and a view of self,pai8788@gmail.com
世間八法（利衰毀譽稱譏苦樂）；八風,,,,,,,S01,,pai8788@gmail.com
《智度論》行宗記,,,,,,,S01,,pai8788@gmail.com
三教九流,,,,,,,S01,,pai8788@gmail.com
外道,,,,,,,S01,,pai8788@gmail.com
執幻爲真,,,,,,,S01,,pai8788@gmail.com
正念明覺,,,,,,,S01,,pai8788@gmail.com
六時；恆時,,,,,,,S01,,pai8788@gmail.com
恩德,,,,,,,S01,,pai8788@gmail.com
償報,,,,,,,S01,,pai8788@gmail.com
感恩,,,,,,,S01,,pai8788@gmail.com
金剛菩薩,,,,,,,S01,,pai8788@gmail.com
渡生方便,,,,,,,S01,,pai8788@gmail.com
做早晚課,,,,,,,S01,,pai8788@gmail.com
誦經,,,,,,,S01,,pai8788@gmail.com
恭讀論著,,,,,,,S01,,pai8788@gmail.com
怖畏境,,,,,,,S01,,pai8788@gmail.com
生死事大，無常迅速,,,,,,,S01,,pai8788@gmail.com
得大解脫,,,,,,,S01,,pai8788@gmail.com
早證菩提,,,,,,,S01,,pai8788@gmail.com
好生念佛,,,,,,,S01,,pai8788@gmail.com
善待有情衆生,,,,,,,S01,,pai8788@gmail.com
刹那間,,,,,,,S01,,pai8788@gmail.com
弄虛作假,,,,,,,S01,,pai8788@gmail.com
火山地獄,,,,,,,S01,,pai8788@gmail.com
油鍋,,,,,,,S01,,pai8788@gmail.com
真實不虛,,,,,,,S01,,pai8788@gmail.com
如來藏體性,,,,,,,S01,,pai8788@gmail.com
施主,,,,,,,S01,,pai8788@gmail.com
感召,,,,,,,S01,,pai8788@gmail.com
（收）供養,,,,,,,S01,(receive) offerings,pai8788@gmail.com
上供,,,,,,,S01,,pai8788@gmail.com
觀照護法,,,,,,,S01,,pai8788@gmail.com
感想體悟,,,,,,,S01,,pai8788@gmail.com
牛頭馬面,,,,,,,S01,,pai8788@gmail.com
上刀山,,,,,,,S01,,pai8788@gmail.com
坐蓮花,,,,,,,S01,,pai8788@gmail.com
入魔,,,,,,,S01,,pai8788@gmail.com
獻酥油,,,,,,,S01,,pai8788@gmail.com
點長明燈,,,,,,,S01,,pai8788@gmail.com
點酥油燈,,,,,,,S01,,pai8788@gmail.com
廟宇,,,,,,,S01,,pai8788@gmail.com
僧侶,,,,,,,S01,,pai8788@gmail.com
未來佛,,,,,,,S01,,pai8788@gmail.com
燃燈佛,,,,,,,S01,,pai8788@gmail.com
降伏魔障,,,,,,,S01,,pai8788@gmail.com
降魔除妖,,,,,,,S01,,pai8788@gmail.com
沙彌戒,,,,,,,S01,,pai8788@gmail.com
護法菩薩,,,,,,,S01,,pai8788@gmail.com
不背謗師行戒,,,,,,,S01,,pai8788@gmail.com
迷行外道戒,,,,,,,S01,,pai8788@gmail.com
妄語騙師戒,,,,,,,S01,,pai8788@gmail.com
授戒,,,,,,,S01,,pai8788@gmail.com
受戒,,,,,,,S01,,pai8788@gmail.com
三障礙（三毒）- 貪瞋痴,,,,,,,S01,,pai8788@gmail.com
調伏身心,,,,,,,S01,,pai8788@gmail.com
修習安忍,,,,,,,S01,,pai8788@gmail.com
佛説無爲最，忍辱第一道,,,,,,,S01,,pai8788@gmail.com
禪定,,,,,,,S01,,pai8788@gmail.com
習定,,,,,,,S01,,pai8788@gmail.com
惑業,,,,,,,S01,,pai8788@gmail.com
二妄（昏沉、掉擧）,,,,,,,S01,,pai8788@gmail.com
睡眠魔,,,,,,,S01,,pai8788@gmail.com
安住所緣,,,,,,,S01,,pai8788@gmail.com
一住 ~ 九住,,,,,,,S01,1st stage to 9th stage of meditaion,pai8788@gmail.com
因果業力,,,,,,,S01,,pai8788@gmail.com
感報,,,,,,,S01,,pai8788@gmail.com
常樂覺境,,,,,,,S01,,pai8788@gmail.com
般若法義 - 最高法義,,,,,,,S01,,pai8788@gmail.com
本來面目,,,,,,,S01,,pai8788@gmail.com
真如,,,,,,,S01,,pai8788@gmail.com
六百卷般若經,,,,,,,S01,,pai8788@gmail.com
文殊菩薩,,,,,,,S01,,pai8788@gmail.com
無言表法,,,,,,,S01,,pai8788@gmail.com
至高無上精妙,,,,,,,S01,,pai8788@gmail.com
般若實相,,,,,,,S01,,pai8788@gmail.com
性源本空,,,,,,,S01,,pai8788@gmail.com
萬法無常性,,,,,,,S01,,pai8788@gmail.com
證般若,,,,,,,S01,,pai8788@gmail.com
幻化,,,,,,,S01,,pai8788@gmail.com
假有,,,,,,,S01,,pai8788@gmail.com
因緣和合而生,,,,,,,S01,,pai8788@gmail.com
五毒,,,,,,,S01,,pai8788@gmail.com
幻相,,,,,,,S01,,pai8788@gmail.com
誹謗,,,,,,,S01,,pai8788@gmail.com
現世報,,,,,,,S01,,pai8788@gmail.com
有漏之因,,,,,,,S01,,pai8788@gmail.com
空性慧,,,,,,,S01,,pai8788@gmail.com
羅漢證果,,,,,,,S01,,pai8788@gmail.com
菩薩登地,,,,,,,S01,,pai8788@gmail.com
大乘教法,,,,,,,S01,,pai8788@gmail.com
大乘行人,,,,,,,S01,,pai8788@gmail.com
自渡,,,,,,,S01,,pai8788@gmail.com
傷生害命,,,,,,,S01,,pai8788@gmail.com
金剛法,,,,,,,S01,,pai8788@gmail.com
甘露大法,,,,,,,S01,,pai8788@gmail.com
芸芸衆生,,,,,,,S01,,pai8788@gmail.com
開悟心性,,,,,,,S01,,pai8788@gmail.com
生起次第,,,,,,,S01,,pai8788@gmail.com
自性,,,,,,,S01,,pai8788@gmail.com
僧尼,,,,,,,S01,,pai8788@gmail.com
八萬四千法門,,,,,,,S01,,pai8788@gmail.com
明心見性,,,,,,,S01,,pai8788@gmail.com
自心本性；本性,,,,,,,S01,,pai8788@gmail.com
人無我相,,,,,,,S01,,pai8788@gmail.com
自性實相,,,,,,,S01,,pai8788@gmail.com
心中心法,,,,,,,S01,,pai8788@gmail.com
大手印法,,,,,,,S01,,pai8788@gmail.com
大圓滿法,,,,,,,S01,,pai8788@gmail.com
悟見證,,,,,,,S01,,pai8788@gmail.com
三皆有情,,,,,,,S01,,pai8788@gmail.com
清净法身,,,,,,,S01,,pai8788@gmail.com
如來法身,,,,,,,S01,,pai8788@gmail.com
宇宙同體,,,,,,,S01,,pai8788@gmail.com
佛性,,,,,,,S01,,pai8788@gmail.com
般若妙智,,,,,,,S01,,pai8788@gmail.com
戒定慧,,,,,,,S01,,pai8788@gmail.com
正知大定,,,,,,,S01,,pai8788@gmail.com
如來大定,,,,,,,S01,,pai8788@gmail.com
法軌律儀；律儀法軌,,,,,,,S01,,pai8788@gmail.com
如法而修,,,,,,,S01,,pai8788@gmail.com
國師,,,,,,,S01,,pai8788@gmail.com
修爲,,,,,,,S01,,pai8788@gmail.com
證德證境證量,,,,,,,S01,,pai8788@gmail.com
神通變化,,,,,,,S01,,pai8788@gmail.com
皈依三寶、四寶,,,,,,,S01,,pai8788@gmail.com
内密,,,,,,,S01,,pai8788@gmail.com
密密部,,,,,,,S01,,pai8788@gmail.com
咒師,,,,,,,S01,,pai8788@gmail.com
密乘行人,,,,,,,S01,,pai8788@gmail.com
金剛薩埵,,,,,,,S01,,pai8788@gmail.com
三時轉法輪,,,,,,,S01,,pai8788@gmail.com
《悉真論》,,,,,,,S01,,pai8788@gmail.com
修佛降真精甘露,,,,,,,S01,,pai8788@gmail.com
顯軌圓通,,,,,,,S01,,pai8788@gmail.com
五明圓滿,,,,,,,S01,,pai8788@gmail.com
時輪金剛,,,,,,,S01,,pai8788@gmail.com
上樂金剛,,,,,,,S01,,pai8788@gmail.com
獅子金剛,,,,,,,S01,,pai8788@gmail.com
獨髪母,,,,,,,S01,,pai8788@gmail.com
師資,,,,,,,S01,,pai8788@gmail.com
佛陀上師,,,,,,,S01,,pai8788@gmail.com
尊勝大法王,,,,,,,S01,,pai8788@gmail.com
如來法藏,,,,,,,S01,,pai8788@gmail.com
自覺覺他,,,,,,,S01,,pai8788@gmail.com
冒稱師戒,,,,,,,S01,,pai8788@gmail.com
傳假法戒,,,,,,,S01,,pai8788@gmail.com
佛母,,,,,,,S01,,pai8788@gmail.com
師母,,,,,,,S01,,pai8788@gmail.com
超渡亡靈,,,,,,,S01,,pai8788@gmail.com
功夫本事,,,,,,,S01,,pai8788@gmail.com
道量,,,,,,,S01,,pai8788@gmail.com
疑師疑法,,,,,,,S01,,pai8788@gmail.com
無過行,,,,,,,S01,,pai8788@gmail.com
有過行,,,,,,,S01,,pai8788@gmail.com
稀有難得,,,,,,,S01,,pai8788@gmail.com
我師得見燃燈佛，多劫成爲忍辱仙,,,,,,,S01,,pai8788@gmail.com
百千萬劫難遭遇,,,,,,,S01,,pai8788@gmail.com
迷信,,,,,,,S01,,pai8788@gmail.com
四大皆空,,,,,,,S01,,pai8788@gmail.com
金剛瑜伽母,,,,,,,S01,,pai8788@gmail.com
尊者,,,,,,,S01,,pai8788@gmail.com
罪孽,,,,,,,S01,,pai8788@gmail.com
達媚瑪佛母,,,,,,,S01,,pai8788@gmail.com
密勒日巴大師,,,,,,,S01,,pai8788@gmail.com
大力,,,,,,,S01,,pai8788@gmail.com
苦行,,,,,,,S01,,pai8788@gmail.com
僧寳,,,,,,,S01,,pai8788@gmail.com
佛寶,,,,,,,S01,,pai8788@gmail.com
私心雜念,,,,,,,S01,,pai8788@gmail.com
無比殊勝,,,,,,,S01,,pai8788@gmail.com
知見不正,,,,,,,S01,,pai8788@gmail.com
密行三昧戒,,,,,,,S01,,pai8788@gmail.com
下三道,,,,,,,S01,,pai8788@gmail.com
《因明論》,,,,,,,S01,,pai8788@gmail.com
駑鈍根器,,,,,,,S01,,pai8788@gmail.com
慚愧者,,,,,,,S01,,pai8788@gmail.com
人、非人,,,,,,,S01,,pai8788@gmail.com
佛法大事因緣,,,,,,,S01,,pai8788@gmail.com
邪行,,,,,,,S01,,pai8788@gmail.com
極樂世界,,,,,,,S01,,pai8788@gmail.com
十方佛土,,,,,,,S01,,pai8788@gmail.com
一念之隔,,,,,,,S01,,pai8788@gmail.com
轉念之間,,,,,,,S01,,pai8788@gmail.com
貪著,,,,,,,S01,,pai8788@gmail.com
魔的使者,,,,,,,S01,,pai8788@gmail.com
業報身,,,,,,,S01,karmic retribution/reward body,pai8788@gmail.com
轉生,,,,,,,S01,,pai8788@gmail.com
共業,,,,,,,S01,,pai8788@gmail.com
靈知心識,,,,,,,S01,,pai8788@gmail.com
蒲團,,,,,,,S01,,pai8788@gmail.com
剃度,,,,,,,S01,cut off one's hair (and go forth from household life; renounce worldly desires),pai8788@gmail.com
妙音佛母,,,,,,,S01,,pai8788@gmail.com
福慧雙運,,,,,,,S01,,pai8788@gmail.com
頂吉,,,,,,,S01,,pai8788@gmail.com
表法,,,,,,,S01,,pai8788@gmail.com
大德高士,,,,,,,S01,a person of great virtue,pai8788@gmail.com
化光,,,,,,,S01,,pai8788@gmail.com
護法聖眾,,,,,,,S01,,pai8788@gmail.com
聖因法會,,,,,,,S01,,pai8788@gmail.com
悉地,,,,,,,S01,,pai8788@gmail.com
佛國甘露,,,,,,,S01,,pai8788@gmail.com
無中生有,,,,,,,S01,,pai8788@gmail.com
因明,,,,,,,S01,,pai8788@gmail.com
堪布,,,,,,,S01,,pai8788@gmail.com
十大宗派：净土、禪宗、華嚴、唯識法相、,,,,,,,S01,,pai8788@gmail.com
念佛觀修法門,,,,,,,S01,,pai8788@gmail.com
參話頭,,,,,,,S01,,pai8788@gmail.com
頓悟、漸悟,,,,,,,S01,,pai8788@gmail.com
法界觀境,,,,,,,S01,,pai8788@gmail.com
水陸法會,,,,,,,S01,,pai8788@gmail.com
焰口,,,,,,,S01,,pai8788@gmail.com
五論,,,,,,,S01,,pai8788@gmail.com
十三論,,,,,,,S01,,pai8788@gmail.com
百種論,,,,,,,S01,,pai8788@gmail.com
共與不共曼荼羅,,,,,,,S01,,pai8788@gmail.com
顯論密軌,,,,,,,S01,,pai8788@gmail.com
信願行,,,,,,,S01,,pai8788@gmail.com
六度萬行,,,,,,,S01,,pai8788@gmail.com
大日如來,,,,,,,S01,,pai8788@gmail.com
善知識,,,,,,,S01,,pai8788@gmail.com
南華寺,,,,,,,S01,,pai8788@gmail.com
慧能,,,,,,,S01,,pai8788@gmail.com
小喇嘛,,,,,,,S01,,pai8788@gmail.com
經辯,,,,,,,S01,,pai8788@gmail.com
三身四智,,,,,,,S01,,pai8788@gmail.com
西密,,,,,,,S01,,pai8788@gmail.com
東密,,,,,,,S01,,pai8788@gmail.com
賢劫,,,,,,,S01,,pai8788@gmail.com
格魯巴,,,,,,,S01,,pai8788@gmail.com
宗喀巴大師,,,,,,,S01,,pai8788@gmail.com
法本,,,,,,,S01,,pai8788@gmail.com
上承法統，下化衆生,,,,,,,S01,,pai8788@gmail.com
《中觀論》,,,,,,,S01,,pai8788@gmail.com
《俱舍論》,,,,,,,S01,,pai8788@gmail.com
《無常論》,,,,,,,S01,,pai8788@gmail.com
《解脫道論》,,,,,,,S01,,pai8788@gmail.com
《百法明門論》,,,,,,,S01,,pai8788@gmail.com
班禪大師,,,,,,,S01,,pai8788@gmail.com
降養欽真老法王,,,,,,,S01,,pai8788@gmail.com
持明尊者,,,,,,,S01,,pai8788@gmail.com
淺巴法王子,,,,,,,S01,,pai8788@gmail.com
真身應世,,,,,,,S01,,pai8788@gmail.com
慚愧行者,,,,,,,S01,,pai8788@gmail.com
巨德,,,,,,,S01,,pai8788@gmail.com
無我母,,,,,,,S01,,pai8788@gmail.com
阿底峽尊者,,,,,,,S01,,pai8788@gmail.com
大活佛；八大活佛（仁波切大力）,,,,,,,S01,Great Rinpoche;,pai8788@gmail.com
四大法子；心子,,,,,,,S01,,pai8788@gmail.com
魔力,,,,,,,S01,,pai8788@gmail.com
噶瑪 多杰洛桑老法王,,,,,,,S01,,pai8788@gmail.com
噶瑪 普巴法鑒仁波切,,,,,,,S01,,pai8788@gmail.com
坐化,,,,,,,S01,,pai8788@gmail.com
金剛不壞舍利,,,,,,,S01,,pai8788@gmail.com
學巴派,,,,,,,S01,,pai8788@gmail.com
噶瑪 德格降措西拉仁波切,,,,,,,S01,,pai8788@gmail.com
康欽仁波切,,,,,,,S01,,pai8788@gmail.com
噶瑪 敦增卓嘎仁波切,,,,,,,S01,,pai8788@gmail.com
修法加持,,,,,,,S01,,pai8788@gmail.com
舉行法會,,,,,,,S01,,pai8788@gmail.com
班禪仁波切,,,,,,,S01,,pai8788@gmail.com
十六世噶瑪巴,,,,,,,S01,,pai8788@gmail.com
多杰洛桑 無垢光尊者,,,,,,,S01,,pai8788@gmail.com
賢劫千佛,,,,,,,S01,,pai8788@gmail.com
禪定功夫,,,,,,,S01,,pai8788@gmail.com
莊嚴德相,,,,,,,S01,,pai8788@gmail.com
頓鬚速長,,,,,,,S01,,pai8788@gmail.com
轉化、轉換,,,,,,,S01,,pai8788@gmail.com
謙虛謹慎,,,,,,,S01,,pai8788@gmail.com
修持、轉世、投胎、渡生,,,,,,,S01,,pai8788@gmail.com
金剛杵,,,,,,,S01,,pai8788@gmail.com
三昧真火,,,,,,,S01,,pai8788@gmail.com
三密法水,,,,,,,S01,,pai8788@gmail.com
魔性,,,,,,,S01,,pai8788@gmail.com
惡行,,,,,,,S01,,pai8788@gmail.com
長德,,,,,,,S01,elders,pai8788@gmail.com
觀空,,,,,,,S01,,pai8788@gmail.com
了得業障本來空，未了先須還俗債,,,,,,,S01,,pai8788@gmail.com
《金剛密鑒》,,,,,,,S01,,pai8788@gmail.com
邊見,,,,,,,S01,,pai8788@gmail.com
偏見,,,,,,,S01,,pai8788@gmail.com
朝拜禮供,,,,,,,S01,,pai8788@gmail.com
大悲爲本,,,,,,,S01,,pai8788@gmail.com
斷我法二執,,,,,,,S01,,pai8788@gmail.com
那洛巴大師,,,,,,,S01,,pai8788@gmail.com
彭達巴,,,,,,,S01,,pai8788@gmail.com
坎達巴,,,,,,,S01,,pai8788@gmail.com
希寧波,,,,,,,S01,,pai8788@gmail.com
喜哇桑波,,,,,,,S01,,pai8788@gmail.com
梅紀巴,,,,,,,S01,,pai8788@gmail.com
白教大宗師,,,,,,,S01,,pai8788@gmail.com
離師邊行（戒）,,,,,,,S01,,pai8788@gmail.com
我事勝佛（戒）,,,,,,,S01,,pai8788@gmail.com
悉地加持力,,,,,,,S01,,pai8788@gmail.com
自然智見,,,,,,,S01,,pai8788@gmail.com
光明智見,,,,,,,S01,,pai8788@gmail.com
大圓智見,,,,,,,S01,,pai8788@gmail.com
般若智見,,,,,,,S01,,pai8788@gmail.com
耳傳法,,,,,,,S01,,pai8788@gmail.com
空行母,,,,,,,S01,,pai8788@gmail.com
氣入心升空,,,,,,,S01,,pai8788@gmail.com
天耳通,,,,,,,S01,,pai8788@gmail.com
漏盡通,,,,,,,S01,,pai8788@gmail.com
巡視觀照護法,,,,,,,S01,,pai8788@gmail.com
神通法力,,,,,,,S01,supernormal Dharma power,pai8788@gmail.com
脈輪；脈結,,,,,,,S01,,pai8788@gmail.com
内壇城,,,,,,,S01,,pai8788@gmail.com
法力圓開,,,,,,,S01,,pai8788@gmail.com
合於一體,,,,,,,S01,,pai8788@gmail.com
化光,,,,,,,S01,,pai8788@gmail.com
佛史,,,,,,,S01,,pai8788@gmail.com
虛空,,,,,,,S01,,pai8788@gmail.com
實修,,,,,,,S01,true cultivation,pai8788@gmail.com
行持法典,,,,,,,S01,,pai8788@gmail.com
心中精要,,,,,,,S01,,pai8788@gmail.com
三昧光明照見,,,,,,,S01,,pai8788@gmail.com
三寶弟子,,,,,,,S01,,pai8788@gmail.com
七眾行人,,,,,,,S01,,pai8788@gmail.com
毗盧遮那佛大日如來,,,,,,,S01,,pai8788@gmail.com
,,,,,,,,,
,,,,,,,,,
,,,,,,,,,
,,,,,,,,,
,,,,,,,,,
,,,,,,,,,
,,,,,,,,,
,,,,,,,,,
,,,,,,,,,
,,,,,,,,,
,,,,,,,,,
,,,,,,,,,
,,,,,,,,,
,,,,,,,,,
,,,,,,,,,
,,,,,,,,,
,,,,,,,,,
,,,,,,,,,
,,,,,,,,,
,,,,,,,,,
,,,,,,,,,
,,,,,,,,,
,,,,,,,,,
,,,,,,,,,
,,,,,,,,,
,,,,,,,,,
,,,,,,,,,
,,,,,,,,,
,,,,,,,,,
,,,,,,,,,
,,,,,,,,,
